,chrom,pos,ref,alt,delta
137,chr1,28689161,A,G,5.631295958
221,chr17,80693128,G,A,5.492060935
290,chr17,44305186,A,C,6.85891653
436,chr5,32125350,C,G,-5.149067914
491,chr17,16172752,A,G,-4.912342404
492,chr17,40068613,G,A,5.483674444
646,chr17,41317896,T,A,5.347452024
681,chr19,9312256,C,T,-6.629883714
712,chr15,75637396,C,G,-5.24725709
899,chr4,967445,G,A,6.10632103
939,chr7,102105566,G,A,5.598003182
1009,chr1,169275630,A,G,-4.823246847
1052,chr14,76665532,A,T,-6.156973506
1119,chr17,4914028,C,T,7.352031362
1131,chr6,89873055,T,A,6.414533932
1160,chr2,208469585,T,C,4.257071489
1256,chr4,68566689,G,A,5.828135839
1376,chr13,33131342,A,G,-4.251377801
1462,chr4,107073081,A,C,-3.909872682
1465,chr3,134270347,A,G,6.07314227
1472,chr22,42088158,T,C,-3.124444745
1619,chr7,42969085,C,T,-4.176967962
1639,chr1,213052891,G,T,5.540441085
1678,chr15,41746625,A,G,6.188820738
1685,chr4,76409569,G,A,-5.108184033
1756,chr8,71981239,G,A,-3.425236183
1914,chr14,65374863,G,A,-5.57750518
1942,chr12,113358791,T,C,-3.568307102
1990,chr17,57024506,T,C,-3.42365528
2016,chr3,122993393,A,G,5.28037773
2206,chr13,27904723,C,G,3.506127044
2215,chr16,28860237,C,G,-4.443889908
2446,chr14,74085707,G,A,-2.979965127
2516,chr1,161008572,C,A,-4.803161713
2548,chr6,32494090,T,C,4.214048109
2585,chr20,25285507,C,A,-4.015309116
2680,chr16,1887638,G,A,5.745090009
2781,chr12,7008438,G,A,-4.784511754
2892,chr11,18431265,C,T,-3.599932677
2914,chr15,75293737,C,T,-2.991189968
3011,chr16,56440201,G,A,4.025796481
3076,chr19,2102824,G,A,7.195241773
3082,chr17,43934116,T,G,4.196246154
3205,chr2,98163124,T,G,-3.576147532
3308,chr1,245204100,G,T,-6.119693651
3319,chr2,75249161,A,G,5.077253261
3387,chr17,43902842,C,T,5.756418952
3594,chr22,45790025,A,C,2.913664644
3623,chr20,34320759,C,T,2.283833041
3716,chr7,116104454,G,A,-3.0550422
3793,chr2,98187101,T,C,4.452260573
3833,chr11,33057306,C,A,-5.746626378
3837,chr6,138711633,C,A,4.59739801
3864,chr8,124436069,G,A,5.702798302
3915,chr3,121500303,A,C,-3.917537678
3974,chr6,49428360,G,C,-2.873642311
4092,chr20,33572096,A,G,-3.140611848
4379,chr6,32483060,A,G,-4.595602723
4421,chr3,58318499,C,T,-5.775027863
4446,chr1,224334072,A,G,-3.30204627
4476,chr5,74046656,A,G,3.694334533
4544,chr3,122976033,G,A,-5.648576226
4545,chr15,41634588,C,A,2.362100075
4771,chr7,117782975,G,A,-4.483391145
4978,chr11,64106291,T,C,2.716445086
5110,chr1,46815378,C,T,-2.582098708
5153,chr4,15673395,A,T,2.264726749
5189,chr20,34315677,T,C,-3.639358314
5206,chr3,134227100,G,A,-2.269728635
5680,chr14,75519175,C,T,3.753208308
5812,chr2,113993385,C,G,3.06660012
5896,chr18,48397197,T,A,-2.055041102
6243,chr16,1918674,C,G,3.039249254
6269,chr1,43297082,T,G,-5.093189209
6282,chr16,1878067,C,G,-2.271412373
6327,chr3,158387487,T,C,3.243603666
6434,chr6,142379049,A,G,2.650287837
6485,chr1,46814518,G,A,-2.365782575
6545,chr5,10256610,T,C,2.134087501
6699,chr3,134225685,G,A,2.4001124
6727,chr17,5309690,G,C,4.527110397
6738,chr1,165526793,G,C,3.471062317
6812,chr2,98177124,T,G,-3.090893733
6901,chr7,618491,G,C,2.117842715
7017,chr11,118436429,G,A,-3.026500812
7062,chr16,28558289,T,A,2.998836424
7196,chr13,115066713,T,G,-2.220430544
7270,chr12,132554609,C,T,2.139631711
7377,chr6,32523703,C,T,3.468036502
7378,chr3,121483058,C,G,2.724936291
7445,chr11,77847971,G,C,2.403811053
7473,chr17,61784963,C,A,-2.338263305
7549,chr6,107125817,G,A,-2.175713887
7574,chr1,224291567,A,C,-3.922343128
7646,chr6,79537679,T,C,2.052619284
7743,chr11,68658298,C,G,3.539097779
7851,chr18,192228,T,G,2.465417515
7857,chr1,28650377,G,A,2.406676478
7969,chr2,86407549,C,T,-2.593381307
8067,chr2,61371507,A,C,3.072988424
8074,chr15,44091386,G,A,-3.089678967
8125,chr3,3205432,G,C,2.507429226
8562,chr22,39101079,T,C,-3.771855722
8628,chr1,169293217,G,A,1.773307375
8642,chr12,9123932,T,C,-1.914112618
8654,chr6,138678410,C,T,2.016674492
8655,chr5,140048209,T,C,2.041177718
8683,chr3,134325536,G,A,-2.736268873
8714,chr6,32473792,T,C,-1.8480334
8719,chr6,32525799,T,A,-2.444521625
8791,chr17,46190252,C,T,1.961169924
8801,chr10,121635425,G,A,1.956176355
8845,chr4,107266401,C,G,2.036667215
9002,chr15,75742095,A,C,-2.09093618
9020,chr2,201774182,T,C,-1.974332396
9033,chr3,192616700,T,G,2.102946438
9254,chr8,145990548,C,T,-3.102165235
9279,chr11,407708,A,C,6.236945556
9666,chr17,21156860,C,T,2.049239095
9679,chr17,7155056,T,C,-2.27004489
9711,chr13,33122795,T,C,-1.798973594
9953,chr4,57202681,G,T,-2.736974545
9970,chr15,75750383,T,C,-2.049729447
10258,chr6,32493008,A,C,1.980290799
10376,chr20,25223430,C,T,-1.693983598
10452,chr1,28719851,A,C,1.775827279
10475,chr5,81574182,C,T,-4.85357962
10566,chr3,10314153,A,G,-1.965382547
10675,chr20,33621017,T,C,2.154015307
10689,chr2,132440073,G,C,-2.139368608
10765,chr2,99791397,T,C,2.204096198
10770,chr4,107107035,C,T,1.828106348
10873,chr7,99085998,A,G,1.485398142
11021,chr15,45711492,A,G,-2.023953965
11420,chr17,48433081,G,A,2.207290976
11448,chr14,50021941,A,C,-1.854666577
11503,chr11,64110626,C,T,-2.095123275
11541,chr17,61863184,G,T,1.905517766
11666,chr19,45639716,A,G,-2.546554769
11724,chr17,53010755,A,G,2.126834393
11829,chr22,42077737,A,C,2.091863114
11840,chr16,89854025,A,T,-1.810746128
11842,chr6,135844359,T,A,-3.563871481
11867,chr6,88181046,T,G,1.601131423
11930,chr19,53601928,C,T,1.703146138
12045,chr16,1865094,C,T,-2.108159039
12083,chr22,41962292,C,G,-1.769384057
12158,chr3,122933329,G,A,-2.080946202
12296,chr12,9058218,C,T,-1.763159061
12485,chr16,11231857,G,A,2.04431443
12520,chr16,69329268,T,G,1.691043866
12526,chr9,139323311,T,C,-2.087488328
12556,chr6,32526161,A,G,1.572587065
12606,chr11,73668964,G,C,2.397801567
12746,chr8,42414117,C,T,1.914080254
12759,chr4,107276962,G,A,2.163911717
12786,chr20,5989838,G,A,-1.946478645
12871,chr14,77191198,C,T,2.730670411
12928,chr22,43374807,G,C,-1.883335685
12955,chr1,43807075,C,T,2.197550876
12959,chr15,41741482,G,A,2.03312065
13076,chr3,130425355,T,C,-1.653544714
13124,chr3,124466520,C,T,1.828283795
13148,chr19,36179115,A,G,2.080590762
13189,chr15,65013733,A,G,-1.863152424
13255,chr15,82258451,C,T,2.457476291
13269,chr11,34923216,G,C,-1.884029289
13308,chr21,43444414,C,G,-1.536751331
13414,chr17,73242501,G,T,5.560515699
13610,chr6,88166549,A,G,-1.654496545
13710,chr17,79690196,G,A,2.048878896
13752,chr17,41265776,A,G,1.459379447
13758,chr19,6317928,T,G,1.632525193
13873,chr1,46811027,G,C,1.405238194
13888,chr14,50727010,G,C,1.663506234
13977,chr17,43994386,C,A,-1.975548538
13982,chr2,160128600,G,C,-1.403623289
14055,chr8,42457038,A,G,-1.796271354
14351,chr7,130116588,A,G,1.681638932
14367,chr16,2954266,A,C,-1.916006494
14370,chr17,61836372,T,C,1.732247709
14472,chr7,99732948,G,A,-2.188038084
14501,chr11,74654254,A,G,-1.656674914
14574,chr22,30315736,T,C,-1.667160143
14671,chr7,99062698,C,A,-1.377027077
14740,chr7,98916779,A,G,1.73965628
14794,chr12,120745609,T,C,1.520887058
14795,chr7,1204368,G,A,1.550204272
14964,chr4,107110278,T,C,1.559690994
14965,chr1,21795388,A,G,1.569466048
14970,chr17,45045894,C,T,-1.756158856
14993,chr11,33073061,A,G,-3.599910647
14997,chr11,8026250,C,G,1.790840157
15042,chr19,38116793,T,C,-1.993161256
15164,chr4,107194390,A,G,1.6436566
15165,chr3,45593969,T,G,1.767483076
15179,chr1,46810304,T,C,-1.856117812
15302,chr1,62279885,G,A,1.64243524
15398,chr14,24898751,G,A,-1.506580702
15401,chr1,64030962,A,G,1.825967322
15446,chr3,12574512,G,T,1.943576434
15577,chr16,69454352,G,T,2.068542908
15618,chr2,136688749,G,A,-1.797428115
15707,chr22,43256166,A,G,-1.614562079
15788,chr20,60729178,A,G,-1.315516446
15834,chr5,74134742,T,C,1.538171627
15915,chr5,80139376,T,C,-1.626561654
16138,chr17,43838720,C,T,1.871245795
16168,chr18,8791344,G,A,1.76610747
16184,chr22,42919010,C,T,1.363508818
16186,chr1,64047759,T,C,-2.320004422
16440,chr1,169881056,C,T,-1.729635442
16459,chr4,107223009,C,A,-2.148996434
16486,chr6,49459282,A,G,1.689899336
16559,chr20,25428261,T,C,-3.617510818
16575,chr14,51606001,C,G,2.475865096
16724,chr11,93493989,T,A,1.449159707
16847,chr2,86301305,C,T,-1.41259009
16946,chr1,169210490,C,G,1.365233415
17060,chr6,79762980,G,A,-1.501191792
17172,chr16,1905278,C,T,-1.85755999
17218,chr12,66490614,G,A,1.731312322
17227,chr19,50420671,C,A,1.919007779
17374,chr14,75566915,C,T,-2.114905291
17428,chr17,30197323,T,C,1.606519802
17514,chr19,44036417,G,C,1.65652503
17581,chr16,89876330,T,G,-1.490931527
17585,chr17,16140054,A,G,1.204655859
17694,chr8,33366849,C,G,-1.801527364
17739,chr15,45638331,G,C,1.514029283
17989,chr1,155111409,G,A,-1.596040065
18037,chr14,104459157,A,G,1.283890535
18112,chr6,32822269,A,C,-1.36891129
18114,chr17,41251495,C,G,1.810873386
18228,chr6,114089582,C,G,2.915670264
18251,chr6,42940235,G,A,-2.489824668
18356,chr22,42111896,A,T,1.340677556
18367,chr16,81105610,G,C,-1.39241525
18414,chr10,72240570,C,G,1.792095065
18489,chr7,143781396,T,G,-1.649966561
18544,chr15,41654864,G,A,1.308742217
18551,chr1,40220284,C,G,-1.454237066
18599,chr17,41359589,C,T,-1.394120051
18674,chr17,44114362,A,T,-1.474981909
18778,chr21,44261572,T,C,-2.006763539
18840,chr6,29673606,C,T,1.341911269
18874,chr5,140107065,C,G,-1.25695462
18889,chr3,124447956,T,A,-1.493939082
18925,chr11,73567185,A,G,-1.653824603
18928,chr1,169213679,G,A,1.632744019
19043,chr1,246911509,G,A,1.340037939
19051,chr12,7006555,T,C,1.660726427
19093,chr3,134319723,T,A,1.235419888
19134,chr20,60690531,C,T,-1.612114038
19172,chr14,35525365,T,C,2.057813982
19178,chr6,32459167,T,C,1.317529133
19279,chr1,178967216,T,G,-1.278887698
19388,chr17,18268999,A,G,-1.867936147
19467,chr22,43327579,G,C,-1.43262925
19492,chr16,50108615,T,C,-1.343761876
19543,chr2,86394563,T,C,2.025826194
19615,chr21,27009324,T,C,-1.319255817
19656,chr6,89851234,G,A,-1.366702392
19721,chr16,69392203,A,G,-1.087673435
19735,chr3,13368892,G,A,-1.266738649
19767,chr19,44259077,C,T,-1.694985111
19955,chr8,145008443,A,T,-1.414487097
19985,chr20,25404027,A,C,2.8632863
19987,chr4,152389164,T,C,2.115749339
20218,chr1,47858054,A,G,-1.526384986
20238,chr10,121597223,G,A,-1.666679534
20470,chr2,136684632,G,A,1.282648515
20491,chr20,25374199,C,A,1.227174569
20512,chr11,71164965,T,A,2.607534874
20547,chr1,40204424,A,T,1.994830191
20608,chr3,58353647,A,C,-1.522810012
20613,chr16,69424035,C,T,-1.348093853
20688,chr6,42947013,G,C,-1.408146609
20736,chr15,82533268,G,A,1.481910639
20798,chr11,126166468,C,A,-1.383787687
20838,chr4,41965550,C,A,2.72626375
20847,chr4,15682252,C,T,1.353399694
20896,chr17,259304,A,G,-2.282447023
20949,chr7,99039450,G,A,-1.449200666
20956,chr6,170683617,A,G,2.013765747
21033,chr1,28761670,C,T,1.684293841
21108,chr11,93481155,C,G,1.269915861
21243,chr2,75939418,C,A,-1.5059536
21340,chr12,120749257,A,G,1.558566255
21415,chr17,79511672,A,T,-1.209260655
21425,chr3,72365204,T,C,1.324375251
21505,chr11,33057665,T,C,1.48076621
21607,chr12,48883020,G,T,1.495044999
21670,chr12,124105925,G,A,1.486969663
21720,chr18,12298664,A,G,-1.933875273
21750,chr16,2039591,T,C,-1.555811246
21826,chr16,28529716,C,T,-1.548034487
21849,chr3,122161709,T,C,-1.170145069
21988,chr3,134310435,T,A,-2.278031725
22042,chr11,93487418,C,G,1.130072296
22057,chr11,71159429,G,A,1.934335315
22169,chr8,30488688,C,A,-1.156064424
22278,chr16,56452584,A,G,1.793881075
22281,chr2,98170267,C,A,1.847961641
22315,chr1,26553487,A,G,1.697354202
22347,chr19,6363493,T,C,-1.28000561
22415,chr4,57282297,A,C,-1.111489172
22486,chr16,2951886,C,T,1.119584966
22561,chr19,6347510,T,C,-1.198439912
22569,chr1,46812339,C,T,1.597852236
22639,chr16,1882313,A,T,1.370878031
22713,chr6,29908649,T,G,2.623607098
22818,chr4,57229656,A,G,-1.302346923
22820,chr6,170686995,A,T,1.496054862
22956,chr12,124105908,A,G,1.575282271
23019,chr17,46158050,T,C,1.202850791
23028,chr9,116222054,C,T,1.452497901
23034,chr14,65379283,A,G,-1.137133986
23052,chr1,53323754,T,C,-1.296365502
23129,chr17,45883799,G,A,1.174935308
23138,chr7,151033628,T,C,2.527963176
23190,chr16,86588090,A,C,-1.246008485
23201,chr5,61581431,G,A,1.334986869
23203,chr7,32668998,C,T,1.632336563
23258,chr7,120999337,T,C,1.248369712
23270,chr6,42887558,A,G,-1.181586773
23304,chr4,38806096,T,C,1.089365546
23428,chr22,43218463,C,T,-1.119512333
23457,chr17,41216933,T,C,-1.061737473
23460,chr17,39010719,A,G,-1.445594527
23545,chr7,6099699,G,A,1.824806067
23620,chr13,27921825,C,T,-1.162639457
23641,chr3,48995487,C,T,-1.38047575
23652,chr6,26378288,T,A,1.693116502
23684,chr3,130485384,C,A,-1.148183313
23723,chr11,65001046,A,G,-1.658902861
23749,chr3,122908356,A,G,-1.19231616
23960,chr4,68516920,C,T,-1.202137483
24055,chr11,34908900,T,C,-1.251009048
24250,chr15,45684816,T,G,-1.497935624
24308,chr19,50527043,A,G,-1.272024821
24332,chr11,47622139,G,A,1.339257779
24344,chr19,9532813,A,C,3.157710489
24409,chr6,89852399,C,T,-1.684303718
24435,chr22,19783817,C,T,-1.185033851
24490,chr9,116213241,C,A,1.990972327
24537,chr2,98168912,C,T,-1.191939374
24557,chr1,151104950,G,A,-1.218656143
24633,chr1,43079814,G,C,-1.299783845
24669,chr7,116138831,G,T,-2.716833729
24718,chr7,99815491,A,C,1.349448852
24773,chr7,75715307,G,A,-0.970665266
24791,chr17,45008742,G,C,1.425799888
24802,chr11,93512152,C,T,1.02364638
24806,chr16,23848988,T,C,1.09125791
24825,chr22,42337040,T,G,-1.184185522
24963,chr5,1104938,C,T,1.299481193
24971,chr16,2724565,G,A,1.580852388
24974,chr4,68513124,A,T,1.328931783
25021,chr10,120891396,T,C,1.146101623
25041,chr18,9712098,C,T,-1.238558378
25096,chr6,5003981,C,T,1.29378123
25130,chr21,37786332,G,A,-1.179469822
25134,chr1,86119296,C,A,1.091953874
25191,chr7,102113093,T,C,1.411442898
25199,chr1,245204829,G,A,1.901974291
25212,chr7,116090300,G,A,-0.998885432
25246,chr7,134233851,C,T,-1.518280129
25342,chr11,73542853,C,T,1.097387767
25361,chr15,41038439,G,C,-1.638787755
25446,chr1,85430522,G,A,1.385029871
25489,chr18,59702939,G,A,1.190950389
25525,chr2,208330430,A,G,1.93665903
25590,chr6,130604428,A,T,-1.259120389
25653,chr5,112942820,T,C,-0.931433221
25755,chr9,116222555,C,T,1.781810836
25786,chr1,53365481,A,G,-1.201578678
25806,chr6,32494125,T,C,-1.144764096
25819,chr7,620872,G,A,1.524496552
25825,chr6,49356236,C,G,-1.077284022
25830,chr9,131560685,T,G,-1.670519532
25846,chr10,121605673,C,G,-1.087677987
25851,chr9,116231220,G,C,-1.024242406
25881,chr12,124104686,G,A,-1.353121614
25908,chr12,69754012,C,T,1.636522206
26048,chr20,34252856,G,A,1.384587561
26049,chr22,46690005,C,T,-1.363922417
26118,chr3,122904739,A,G,-1.6185759
26158,chr16,1905227,G,A,2.427259798
26240,chr18,48387956,G,A,1.420147376
26275,chr17,4976942,C,G,-1.489107333
26292,chr17,41279770,A,G,-1.623903112
26342,chr17,61805747,G,A,1.052247791
26399,chr16,88784455,C,T,1.123896857
26407,chr5,133160622,C,T,1.698995379
26442,chr14,21968876,G,A,-1.167465568
26501,chr10,120427312,T,C,-1.16299993
26526,chr6,142426428,C,T,1.057853444
26579,chr22,42081620,C,T,1.476268419
26604,chr6,167269159,T,A,-1.425111615
26621,chr16,1902579,G,A,2.872898791
26630,chr6,26426856,G,A,-1.118075869
26724,chr15,43573052,A,G,0.989162781
26762,chr1,28699948,T,C,1.953000437
26771,chr10,16849048,G,C,-1.135739395
26801,chr22,42117065,A,G,-1.320353187
26802,chr5,424653,G,A,1.001014406
26827,chr1,169761591,A,G,-1.127789376
26954,chr5,112943948,G,C,-1.288531376
26978,chr10,97558261,G,A,-1.277385587
26981,chr11,18547332,G,A,-1.158134447
27003,chr15,45665452,T,G,1.35074723
27020,chr18,171973,G,A,2.362274116
27023,chr13,43597706,C,T,1.326689694
27076,chr16,2919512,T,C,1.079937837
27094,chr2,37431646,C,G,-1.199116797
27114,chr7,143861936,C,T,-1.11704937
27186,chr1,171754164,C,T,-1.66171264
27211,chr7,99184400,T,G,-0.908183722
27223,chr9,37492679,G,T,0.981965438
27228,chr14,92553228,G,A,-0.919911399
27245,chr8,124461074,T,G,-0.993125884
27252,chr6,42923902,T,C,-0.821746857
27275,chr15,66070962,T,C,-1.729371935
27278,chr17,45040147,T,G,-2.145090068
27283,chr1,15866031,A,G,-1.794562151
27351,chr18,77927866,A,G,-1.330511148
27360,chr10,16859618,G,C,-1.008910959
27367,chr16,89607679,G,A,1.185606241
27383,chr9,15296355,A,G,1.871671946
27475,chr20,5994488,G,A,2.990495323
27479,chr12,112378909,C,T,1.103964036
27494,chr5,96288138,A,G,0.894764388
27511,chr1,154359411,G,A,-1.347667094
27519,chr1,152758656,C,A,-1.064670115
27570,chr6,49403282,T,C,-1.727396039
27581,chr1,147011822,G,C,2.72501005
27599,chr14,35556842,A,G,1.149425063
27626,chr6,142436230,A,G,-0.919249444
27630,chr16,86609037,G,A,0.912154175
27641,chr3,48333506,T,C,1.149259437
27672,chr4,107296413,A,C,3.368465368
27679,chr22,42486080,G,A,-1.496476383
27694,chr22,42100681,A,G,-1.541549416
27698,chr1,213051578,C,T,2.606915508
27699,chr4,101106111,T,C,1.172463616
27714,chr17,18269099,C,G,-1.344246889
27729,chr17,33571546,G,A,-2.89251186
27735,chr7,99635369,C,A,1.348303618
27740,chr22,42074214,C,T,-1.711894283
27766,chr17,40022724,A,G,1.069499624
27770,chr19,37251088,C,T,-1.247444204
27779,chr7,99719412,G,A,1.00836044
27801,chr12,132583556,G,A,0.728194749
27817,chr16,1905162,G,C,-1.85496064
