,chrom,pos,ref,alt,plasmid1_ref,plasmid2_ref,plasmid3_ref,plasmid1_alt,plasmid2_alt,plasmid3_alt,delta
17694,chr8,33366849,C,G,607,973,746,759,570,746,-1.801527364
18928,chr1,169213679,G,A,610,1233,665,720,978,765,1.632744019
19492,chr16,50108615,T,C,911,903,826,777,634,604,-1.343761876
20218,chr1,47858054,A,G,885,501,793,610,671,828,-1.526384986
21425,chr3,72365204,T,C,938,1026,876,1276,1195,1381,1.324375251
21826,chr16,28529716,C,T,753,1201,828,760,734,822,-1.548034487
22818,chr4,57229656,A,G,863,963,972,1111,1285,1278,-1.302346923
22820,chr6,170686995,A,T,733,1068,1256,766,1004,737,1.496054862
23129,chr17,45883799,G,A,1205,1298,1252,718,857,707,1.174935308
23203,chr7,32668998,C,T,929,1288,905,1082,1355,902,1.632336563
23620,chr13,27921825,C,T,1039,1285,1488,1039,946,1214,-1.162639457
23960,chr4,68516920,C,T,879,691,958,909,944,1260,-1.202137483
24055,chr11,34908900,T,C,1000,966,760,539,771,519,-1.251009048
24308,chr19,50527043,A,G,1045,1114,924,657,629,691,-1.272024821
24332,chr11,47622139,G,A,1074,958,773,1313,1388,1016,1.339257779
24718,chr7,99815491,A,C,324,542,658,410,878,702,1.349448852
25021,chr10,120891396,T,C,1403,1884,1406,642,828,556,1.146101623
25191,chr7,102113093,T,C,629,979,1030,588,665,749,1.411442898
25246,chr7,134233851,C,T,922,1070,709,435,463,663,-1.518280129
25361,chr15,41038439,G,C,691,824,960,644,832,1334,-1.638787755
25489,chr18,59702939,G,A,636,651,517,1593,1274,1509,1.190950389
25525,chr2,208330430,A,G,908,925,585,544,458,824,1.93665903
25590,chr6,130604428,A,T,1044,1750,1840,776,1173,1134,-1.259120389
25786,chr1,53365481,A,G,1281,1243,1003,839,1109,1136,-1.201578678
25819,chr7,620872,G,A,962,930,1449,924,925,1298,1.524496552
25830,chr9,131560685,T,G,803,893,525,478,748,700,-1.670519532
25881,chr12,124104686,G,A,2335,2223,3042,734,510,941,-1.353121614
26118,chr3,122904739,A,G,1089,1227,1112,661,1139,1069,-1.6185759
26158,chr16,1905227,G,A,711,989,815,791,889,979,2.427259798
26240,chr18,48387956,G,A,929,1056,791,1269,1681,1194,1.420147376
26399,chr16,88784455,C,T,858,1365,1586,1268,2744,2139,1.123896857
26407,chr5,133160622,C,T,701,916,863,1439,1312,1425,1.698995379
26442,chr14,21968876,G,A,1416,1586,1109,1354,1563,760,-1.167465568
26501,chr10,120427312,T,C,1909,1324,1279,768,635,621,-1.16299993
26579,chr22,42081620,C,T,584,864,900,716,514,708,1.476268419
26604,chr6,167269159,T,A,1395,1962,1685,708,1079,992,-1.425111615
26621,chr16,1902579,G,A,456,1039,555,764,1080,417,2.872898791
26630,chr6,26426856,G,A,2125,2228,1608,784,1280,743,-1.118075869
26724,chr15,43573052,A,G,1666,1722,1183,1774,1772,1502,0.989162781
26762,chr1,28699948,T,C,672,959,805,745,1689,1142,1.953000437
26771,chr10,16849048,G,C,655,889,937,563,565,515,-1.135739395
26801,chr22,42117065,A,G,618,493,578,706,480,594,-1.320353187
26802,chr5,424653,G,A,997,2047,1261,1039,1802,1023,1.001014406
26954,chr5,112943948,G,C,2192,1422,2165,692,748,730,-1.288531376
26978,chr10,97558261,G,A,2436,2686,1716,879,735,915,-1.277385587
27020,chr18,171973,G,A,633,749,656,983,1167,1080,2.362274116
27023,chr13,43597706,C,T,740,704,485,973,1149,744,1.326689694
27076,chr16,2919512,T,C,1420,2036,1647,1622,1726,1368,1.079937837
27114,chr7,143861936,C,T,2035,1666,1782,1026,1110,813,-1.11704937
27186,chr1,171754164,C,T,1333,1181,1138,763,1399,1052,-1.66171264
27228,chr14,92553228,G,A,2361,3131,1749,876,971,661,-0.919911399
27278,chr17,45040147,T,G,1038,1016,766,1027,780,559,-2.145090068
27367,chr16,89607679,G,A,1186,1108,1369,987,1005,893,1.185606241
27383,chr9,15296355,A,G,446,467,952,1090,1239,1283,1.871671946
27475,chr20,5994488,G,A,1836,1301,1381,1532,1271,1181,2.990495323
27511,chr1,154359411,G,A,1335,1924,1195,1584,1645,1275,-1.347667094
27570,chr6,49403282,T,C,2949,3376,3370,1254,1518,1451,-1.727396039
27581,chr1,147011822,G,C,1560,616,1071,993,889,770,2.72501005
27641,chr3,48333506,T,C,842,1238,896,729,1517,1107,1.149259437
27672,chr4,107296413,A,C,862,1002,1261,579,648,1082,3.368465368
27679,chr22,42486080,G,A,1388,1336,1636,676,999,868,-1.496476383
27694,chr22,42100681,A,G,966,1620,1110,558,789,521,-1.541549416
27699,chr4,101106111,T,C,1089,1449,1217,767,1205,722,1.172463616
27714,chr17,18269099,C,G,903,769,1011,600,869,1050,-1.344246889
27729,chr17,33571546,G,A,2049,2004,1980,351,641,646,-2.89251186
27770,chr19,37251088,C,T,929,647,610,655,422,579,-1.247444204
27779,chr7,99719412,G,A,846,1026,809,658,587,724,1.00836044
27817,chr16,1905162,G,C,333,1128,788,1247,1305,1111,-1.85496064
